ST_CASE,VEH_NO,PHARM_EV,PCARGTYP,PSP_USE,PVEH_SEV,PDEATHS
10076,2,18,0,0,4,0
10234,2,14,0,0,4,0
10278,2,14,0,0,6,0
10278,3,14,0,0,6,0
10305,2,14,1,0,2,0
10305,3,14,0,0,6,0
10322,3,12,0,0,9,0
10468,2,14,3,0,2,0
10493,2,59,0,0,4,0
10512,2,14,0,0,6,0
10558,2,14,0,0,6,0
10576,2,14,0,0,6,0
10584,3,12,0,0,6,0
10596,2,14,1,0,6,0
10608,2,45,4,0,6,1
10649,2,14,0,0,6,0
10694,2,14,0,0,2,0
10712,3,12,0,0,6,0
40002,2,14,0,0,6,1
40002,3,14,0,0,6,0
40067,4,12,0,0,8,0
40131,2,38,0,0,8,0
40131,3,38,0,0,8,0
40131,4,38,0,0,8,0
40131,5,38,0,0,8,0
40153,2,14,0,0,2,0
40170,2,59,96,0,2,0
40178,2,14,0,0,6,0
40178,3,14,0,0,6,0
40178,4,14,0,0,4,0
40178,5,14,0,0,4,0
40178,6,14,0,0,4,0
40272,2,14,0,0,4,0
40303,2,14,0,0,2,0
40339,2,8,0,0,2,0
40339,3,8,0,0,6,0
40343,2,33,0,0,6,0
40350,3,12,0,0,9,0
40350,4,12,0,0,9,0
40382,2,14,3,0,2,0
40433,2,14,0,0,6,0
40438,3,12,3,0,6,0
40448,2,18,1,0,6,0
40590,2,34,0,0,4,0
40613,2,31,0,0,6,0
40613,3,31,0,0,6,0
40613,4,31,0,0,2,0
40613,5,31,0,0,2,0
40613,6,31,0,0,2,0
40613,7,31,0,0,2,0
40613,8,31,0,0,2,0
40670,3,12,0,0,2,0
40726,2,9,0,0,9,0
40726,3,9,0,0,9,0
50308,2,14,1,0,6,0
50308,3,14,6,0,4,0
50311,2,14,0,0,2,0
50341,3,12,0,0,4,0
50358,3,12,0,0,6,0
50413,2,14,0,0,6,0
50413,3,14,0,0,6,0
50413,4,14,0,0,6,0
50413,5,14,0,0,6,0
50413,6,14,0,0,6,0
50413,7,14,0,0,6,0
50413,8,14,0,0,6,0
50413,9,14,0,0,6,0
50413,10,14,0,0,6,0
50413,11,14,0,0,6,0
50413,12,14,0,0,6,0
50451,2,8,0,0,2,0
50480,2,34,0,0,2,0
60067,2,14,22,2,4,0
60090,2,14,96,0,6,0
60098,2,14,0,0,2,0
60100,2,14,96,0,4,0
60100,3,14,0,0,6,0
60100,4,14,0,0,4,0
60109,3,12,0,0,2,0
60150,3,12,98,0,2,0
60192,1,14,3,0,6,0
60258,3,12,0,0,2,0
60276,2,1,0,0,4,0
60298,2,8,0,0,2,0
60299,3,12,0,0,2,0
60314,2,1,1,0,0,0
60370,2,33,0,0,2,0
60371,3,12,0,0,2,0
60409,2,8,0,0,0,0
60438,2,14,0,0,2,0
60447,3,12,0,0,2,0
60451,2,14,3,0,6,0
60487,2,14,0,0,4,0
60487,3,14,0,0,6,0
60603,3,12,0,0,4,0
60603,4,12,0,0,4,0
60613,2,8,0,0,6,0
60613,3,8,0,0,6,0
60617,2,14,0,0,2,0
60617,3,14,0,0,2,0
60624,3,12,0,0,4,0
60624,4,12,0,0,2,0
60625,2,8,0,0,4,0
60632,3,12,0,0,2,0
60667,2,33,0,0,2,0
60670,2,33,0,0,2,0
60780,2,33,0,0,4,0
60786,3,12,0,0,2,0
60786,4,12,0,0,2,0
60797,2,14,0,0,6,0
60797,3,14,0,0,2,0
60797,4,14,0,0,6,0
60847,2,14,0,0,6,0
60883,2,33,0,0,2,0
60914,2,14,1,0,2,0
60935,2,8,4,0,0,0
60940,2,14,1,0,4,0
60953,2,14,0,0,6,0
60955,2,14,0,0,6,0
60955,3,14,0,0,2,0
60958,2,33,0,0,2,0
60968,2,14,3,0,2,0
60975,2,9,0,0,2,0
60984,3,12,0,0,4,0
61033,2,14,0,0,4,0
61034,2,33,0,0,2,0
61035,2,14,0,0,4,0
61037,3,12,0,0,2,0
61047,2,33,0,0,6,0
61061,2,8,0,0,4,0
61061,3,8,0,0,2,0
61118,2,14,0,0,6,1
61122,2,8,0,0,2,0
61122,3,8,3,0,9,0
61123,2,14,0,0,6,0
61180,2,33,0,0,4,0
61187,3,12,0,0,6,0
61242,3,12,0,0,0,0
61257,2,1,0,0,2,0
61286,4,12,0,0,0,0
61286,5,12,0,0,6,0
61286,6,12,0,0,4,0
61286,7,12,0,0,6,0
61307,2,14,0,0,6,0
61307,3,14,0,0,4,0
61325,3,12,0,0,2,0
61341,2,14,1,0,2,0
61356,2,14,0,0,8,0
61357,2,14,0,0,4,0
61357,3,14,0,0,2,0
61369,2,14,0,0,4,0
61369,3,14,0,0,2,0
61376,2,14,0,0,6,1
61376,3,14,0,0,6,0
61391,2,33,0,0,6,0
61394,2,14,0,0,6,1
61421,1,14,3,0,6,0
61422,2,8,97,0,2,0
61428,2,30,0,0,6,0
61449,2,8,0,0,6,0
61483,2,33,0,0,2,0
61493,2,30,0,0,6,0
61493,3,30,0,0,6,0
61493,4,30,0,0,4,0
61506,2,8,0,0,6,0
61512,2,8,0,0,2,0
61528,2,9,0,0,2,0
61528,3,9,0,0,6,0
61528,4,9,0,0,6,0
61595,2,8,0,0,6,0
61616,2,14,0,0,6,0
61616,3,14,0,0,4,0
61627,3,12,0,0,2,0
61673,2,42,0,0,4,0
61673,3,42,0,0,2,0
61690,3,12,0,0,2,0
61692,2,8,3,0,4,0
61702,2,73,0,0,0,0
61705,2,33,0,0,6,0
61720,2,33,0,0,6,0
61732,2,14,0,0,6,0
61763,5,12,0,0,6,0
61763,6,12,0,0,8,0
61891,3,12,0,0,6,0
61891,4,12,0,0,4,0
61898,2,33,0,0,4,0
61898,3,33,0,0,4,0
61898,4,33,0,0,2,0
61900,3,12,0,0,4,0
61900,4,12,0,0,2,0
61970,2,8,0,0,2,0
62013,2,8,0,0,2,0
62166,2,14,1,0,2,0
62166,3,14,1,0,2,0
62177,2,18,3,0,6,0
62211,2,14,0,0,2,0
62248,2,1,0,0,4,0
62340,2,14,0,0,6,0
62347,3,12,0,0,4,0
62349,1,14,1,0,4,0
62355,2,14,98,0,2,0
62359,2,8,0,0,2,0
62362,2,33,0,0,4,0
62383,2,14,1,0,2,0
62387,3,12,1,0,4,0
62406,2,14,0,0,4,0
62406,3,14,0,0,6,0
62406,4,14,0,0,4,0
62453,2,14,3,0,2,0
62458,2,30,0,0,6,0
62582,3,12,4,0,2,0
62582,4,12,0,0,2,0
62614,3,33,0,0,4,0
62614,4,33,0,0,2,0
62625,2,14,0,0,6,0
62641,2,33,0,0,2,0
62652,2,9,0,0,2,0
62666,2,14,1,0,2,0
62705,2,8,0,0,2,0
62705,3,8,0,0,2,0
62712,2,14,0,0,4,0
62719,2,7,0,0,2,0
62734,2,14,98,0,4,0
62741,2,14,3,0,2,0
62741,3,14,97,0,4,0
62744,2,8,0,0,4,0
62748,4,12,0,0,2,0
62750,2,18,0,0,4,0
62750,3,18,0,0,4,0
62753,2,14,0,0,4,0
62755,2,8,0,0,2,0
62761,2,33,0,0,4,0
62762,2,14,0,0,6,1
62774,2,14,0,0,4,0
62774,3,14,0,0,2,0
62816,3,12,0,0,6,0
62816,4,12,0,0,6,0
62816,5,12,0,0,6,0
62816,6,12,0,0,6,0
62816,7,12,0,0,6,0
62816,8,12,0,0,6,0
62819,3,8,0,0,2,0
62833,2,43,2,0,4,0
62858,3,12,0,0,2,0
62858,4,12,0,0,2,0
62875,2,14,0,0,6,0
62904,3,12,0,0,8,0
62926,2,14,0,0,6,0
62930,3,12,0,0,2,0
62931,2,14,0,0,4,0
62931,3,14,0,0,4,0
80002,2,8,0,0,4,0
80032,2,1,0,0,4,0
80143,2,59,0,0,2,0
80143,3,59,0,0,6,0
80151,2,14,0,0,6,0
80151,3,14,0,0,8,0
80188,3,59,0,0,6,0
80221,2,14,0,0,6,0
80221,3,14,0,0,6,0
80294,5,12,0,0,6,0
80294,6,12,0,0,6,0
80443,2,33,0,0,6,0
80443,3,33,0,0,6,0
90012,2,14,0,0,6,0
90033,2,8,0,0,6,0
90071,1,8,0,0,6,0
90114,2,8,0,0,6,0
90114,3,8,0,0,4,0
90124,2,38,0,0,9,0
90181,3,12,0,0,6,0
90181,4,12,0,0,2,0
100084,1,14,1,0,6,0
110003,2,14,97,0,2,0
110011,2,8,0,0,2,0
120112,2,14,1,0,6,0
120138,2,8,0,0,4,0
120181,3,14,0,0,6,0
120249,2,32,0,0,4,0
120249,3,32,0,0,2,0
120271,2,14,0,0,6,0
120284,3,12,0,0,4,0
120392,2,43,0,0,2,0
120392,3,43,0,0,2,0
120392,4,43,0,0,2,0
120411,2,59,0,0,4,0
120447,2,14,0,0,6,0
120447,3,14,0,0,6,0
120497,3,12,0,0,6,0
120523,3,12,98,0,4,0
120565,2,33,0,0,2,0
120573,2,14,0,0,4,0
120664,2,1,0,0,6,0
120664,3,1,0,0,6,0
120684,2,14,0,0,4,0
120723,1,8,0,0,6,0
120733,2,53,0,0,4,0
120733,3,53,0,0,2,0
120758,2,33,1,0,2,0
120868,3,12,0,0,6,0
120890,3,12,0,0,4,0
120890,4,12,0,0,4,0
120897,2,45,0,0,6,1
120914,1,8,0,0,6,0
120922,2,33,0,0,4,0
120992,2,8,0,0,4,0
121056,3,12,0,0,2,0
121069,2,42,0,0,4,0
121109,2,38,0,0,4,0
121130,2,14,0,0,6,0
121196,2,38,0,0,4,0
121222,2,14,0,0,2,0
121222,3,14,0,0,2,0
121222,4,14,0,0,2,0
121227,3,12,0,0,2,0
121283,2,14,0,0,2,0
121283,3,14,0,0,2,0
121283,4,14,0,0,2,0
121331,3,8,0,0,6,0
121384,2,33,0,0,4,0
121384,3,33,0,0,4,0
121514,2,42,0,0,6,0
121514,3,42,0,0,4,0
121514,4,42,0,0,4,0
121614,2,14,0,0,6,0
121669,2,14,0,0,6,0
121840,3,12,0,0,4,0
121850,2,59,0,0,6,0
121850,3,59,0,0,6,0
121955,2,8,0,0,2,0
122008,6,12,0,0,4,0
122008,7,12,0,0,4,0
122008,8,12,0,0,2,0
122151,2,14,1,0,6,0
122267,2,18,0,0,4,0
122310,2,8,0,0,2,0
122445,2,14,0,0,2,0
122489,2,14,1,0,4,0
122537,2,14,0,0,9,0
122550,2,14,1,0,6,0
122609,3,12,98,0,2,0
122647,2,33,0,0,4,0
122672,2,42,0,0,2,0
122724,3,12,0,0,6,0
122724,4,12,0,0,4,0
122724,5,12,0,0,4,0
122724,6,12,0,0,6,0
122799,3,12,0,0,4,0
130004,3,12,0,0,2,0
130059,2,14,96,0,6,0
130059,3,14,0,0,6,0
130100,2,14,0,0,9,0
130118,2,24,0,0,6,0
130160,2,14,1,0,6,0
130285,2,34,0,0,4,0
130418,2,34,0,0,4,0
130473,3,12,0,0,4,0
130748,3,12,0,0,6,0
130766,2,42,0,0,6,0
130766,3,42,0,0,4,0
130940,2,14,1,0,4,0
130947,2,14,0,0,6,0
130977,2,8,0,0,9,0
131039,2,42,0,0,6,0
131059,2,14,0,0,6,0
131082,2,14,0,0,6,0
131129,2,8,0,0,6,0
131151,2,53,0,0,4,0
131256,2,14,3,0,4,0
131307,3,12,0,0,2,0
131332,2,59,0,0,9,0
150010,2,14,0,0,4,0
150010,3,14,0,0,4,0
150010,4,14,0,0,4,0
150010,5,14,0,0,4,0
150022,3,12,0,0,6,0
150022,4,12,0,0,6,0
150022,5,12,0,0,2,0
150022,6,12,0,0,2,0
160008,2,11,0,0,4,0
170057,2,14,0,0,9,0
170075,2,31,0,0,6,0
170086,1,14,0,0,6,1
170146,2,14,1,0,2,0
170149,2,14,97,0,0,0
170155,2,14,0,0,6,1
170164,2,8,0,0,8,0
170164,3,8,0,0,8,0
170233,2,14,0,0,8,0
170265,2,30,0,0,8,0
170301,2,8,0,0,8,0
170301,3,8,0,0,8,0
170302,2,8,0,0,8,0
170302,3,8,0,0,6,0
170339,2,14,0,0,8,0
170380,2,14,0,0,2,0
170380,3,14,0,0,6,0
170380,4,14,0,0,6,0
170380,5,14,0,0,8,0
170380,6,14,0,0,8,0
170380,7,14,0,0,8,0
170380,8,14,0,0,2,0
170421,2,14,1,0,2,0
170474,3,12,0,0,2,0
170533,4,12,0,0,6,0
170627,2,8,0,0,8,0
170686,2,14,0,0,6,0
170688,2,14,1,0,2,0
170692,2,14,0,0,6,0
170717,2,14,0,0,8,0
170717,3,14,0,0,8,0
170845,2,9,0,0,2,0
170845,3,9,0,0,2,0
170860,2,42,0,0,8,0
170860,3,42,0,0,8,0
170899,2,14,0,0,6,0
170899,3,14,0,0,8,0
170899,4,14,0,0,8,0
170899,5,14,0,0,8,0
170899,6,14,0,0,2,0
170899,7,14,0,0,8,0
170899,8,14,0,0,8,0
170910,2,38,0,0,8,0
170915,2,30,0,0,8,0
170920,2,14,0,0,8,0
170920,3,14,0,0,8,0
170920,4,14,0,0,8,0
170920,5,14,0,0,8,0
170920,10,14,0,0,8,0
170920,11,14,0,0,8,0
170955,2,14,0,0,8,0
170959,3,12,0,0,8,0
180023,3,12,1,0,6,1
180044,2,8,0,0,6,0
180181,2,14,0,0,6,0
180300,3,12,0,0,6,0
180333,2,14,1,0,6,0
180368,2,8,0,0,6,0
180368,3,8,0,0,2,0
180368,4,8,0,0,2,0
180512,2,33,0,0,6,0
180512,3,33,0,0,6,0
180512,4,33,0,0,6,0
180550,2,14,1,0,6,0
180619,3,12,0,0,6,0
180669,2,14,0,0,6,0
190002,2,53,0,0,2,0
190002,3,53,0,0,2,0
190117,2,14,0,0,6,0
190117,3,14,0,0,2,0
190131,1,14,1,0,6,0
190132,2,14,1,0,6,0
190168,2,14,0,0,6,0
190168,3,14,0,0,2,0
190206,2,14,0,0,2,0
190214,2,33,0,0,6,0
190234,3,12,0,0,4,0
190244,2,14,1,0,2,0
200052,2,14,0,0,6,0
200127,2,33,0,0,6,0
200215,2,33,0,0,2,0
200215,3,33,0,0,2,0
200238,2,14,1,0,6,0
200274,2,14,8,0,6,0
200301,2,14,0,0,6,0
210002,2,42,0,0,2,0
210049,2,14,0,0,6,0
210072,2,8,97,0,2,0
210280,3,12,0,0,4,0
210294,2,14,0,0,6,1
210295,3,12,0,0,6,0
210377,2,35,0,0,2,0
210377,3,35,0,0,2,0
210377,4,35,0,0,2,0
210503,3,1,0,0,2,0
210513,2,59,0,0,6,1
210520,3,12,0,0,4,0
210520,4,12,0,0,6,0
210520,5,12,0,0,6,0
210520,6,12,0,0,2,0
210533,2,32,0,0,2,0
210556,3,12,0,0,6,0
210565,2,14,1,0,2,0
210609,2,14,0,0,6,0
210630,2,8,0,0,2,0
210688,2,14,1,0,4,0
210695,2,14,1,0,4,0
220132,2,14,10,0,4,0
220150,3,1,0,0,2,0
220219,2,14,0,0,6,0
220295,2,35,0,0,2,0
220298,2,59,0,0,4,0
220340,2,32,0,0,6,0
220406,2,18,0,0,4,0
220411,2,14,0,0,6,0
220411,3,14,0,0,4,0
220469,2,14,8,0,2,0
220469,3,14,8,0,2,0
220478,2,14,0,0,2,0
220478,3,14,0,0,2,0
220493,2,14,0,0,6,0
220560,2,8,0,0,6,0
220560,3,8,0,0,4,0
220667,2,33,97,0,2,0
220684,2,38,0,0,2,0
220684,3,38,0,0,4,0
230008,2,14,0,0,6,0
230093,1,14,0,0,2,0
230099,2,14,0,0,6,0
230118,1,8,0,0,4,0
240026,2,14,4,0,4,0
240028,2,8,0,0,6,0
240028,3,8,0,0,4,0
240028,4,8,0,0,4,0
240036,2,8,0,0,4,0
240036,3,8,0,0,6,0
240083,2,14,0,0,6,0
240091,2,14,96,0,4,0
240134,3,12,0,0,4,0
240134,4,12,0,0,4,0
240134,5,12,0,0,4,0
240134,6,12,0,0,4,0
240156,2,14,97,0,4,0
240178,2,14,4,0,4,0
240202,3,12,98,0,6,0
240226,3,12,1,0,2,0
240226,4,12,1,0,2,0
240315,2,38,0,0,2,0
240366,2,17,0,0,6,0
240366,3,17,0,0,2,0
240367,3,12,0,0,6,0
240367,4,12,0,0,2,0
240423,2,39,0,0,6,0
240423,3,39,0,0,6,0
240447,2,8,0,5,6,0
240475,4,12,0,0,6,0
250067,2,14,96,0,9,0
250110,2,14,0,0,6,0
250150,4,12,0,0,4,0
250150,5,12,0,0,4,0
250168,2,8,0,0,6,0
250222,2,8,0,0,8,0
250233,2,30,0,0,6,0
250235,2,14,99,0,8,0
250240,2,33,0,0,6,0
250260,2,8,0,0,4,0
250261,2,14,0,0,6,0
250261,3,14,0,0,6,0
250291,2,33,0,0,6,0
250291,3,33,0,0,6,0
250296,2,14,0,0,6,0
250296,3,14,0,0,6,0
260015,2,53,0,0,6,0
260046,2,8,0,0,6,0
260060,2,14,1,0,2,0
260125,3,12,0,0,6,0
260125,4,12,0,0,2,0
260125,5,12,0,0,2,0
260155,2,14,0,0,6,0
260243,2,14,98,0,2,0
260244,2,14,0,0,6,1
260306,3,12,0,0,2,0
260315,2,8,0,0,6,0
260330,3,12,0,0,6,0
260362,2,8,0,0,4,0
260391,3,12,0,0,2,0
260391,4,12,0,0,2,0
260395,2,30,0,0,2,0
260405,3,12,0,0,6,0
260521,2,43,0,0,8,0
260521,3,43,0,0,8,0
260564,2,14,0,0,6,0
260564,3,14,0,0,2,0
260574,2,8,0,0,2,0
260681,1,14,0,0,6,0
260681,3,14,3,0,6,0
260717,2,8,3,0,6,0
260754,3,12,0,0,4,0
260754,4,12,0,0,6,0
260754,5,12,0,0,6,0
260754,6,12,0,0,2,0
260780,2,33,0,0,4,0
260788,2,45,97,0,6,0
260793,2,14,0,0,6,1
260820,2,45,4,0,2,0
260838,2,14,0,0,2,0
260845,2,8,0,0,4,0
260886,3,12,0,0,6,0
260895,1,12,0,0,6,1
270013,2,45,4,0,4,0
270176,1,14,0,0,2,0
270232,3,12,0,0,2,0
280043,2,14,1,0,6,0
280067,2,51,0,0,2,0
280176,3,12,0,0,2,0
280176,4,12,0,0,6,0
280525,2,53,0,0,2,0
290014,1,8,0,0,6,0
290015,3,12,96,0,6,0
290041,2,14,0,0,4,0
290061,3,12,0,0,6,0
290061,4,12,0,0,2,0
290061,5,12,0,0,6,0
290061,6,12,0,0,2,0
290169,1,14,1,0,2,0
290220,2,14,0,0,6,0
290243,2,14,0,0,6,0
290243,3,14,0,0,4,0
290306,2,42,0,0,4,0
290475,3,12,0,0,2,0
290475,4,12,0,0,2,0
290475,5,12,0,0,2,0
290549,2,53,97,0,6,0
290685,2,38,98,0,4,0
290685,3,38,97,0,9,0
290750,2,14,1,0,2,0
290782,2,14,0,0,6,0
290782,3,14,0,0,9,0
300147,2,14,0,0,6,0
300165,2,11,3,0,4,0
310064,3,12,0,0,4,0
310083,2,38,5,0,2,0
310173,2,30,0,0,2,0
310173,3,30,0,0,2,0
310187,1,14,1,0,6,0
310216,2,14,97,0,2,0
320043,2,8,3,0,2,0
320067,3,12,96,0,2,0
320185,2,14,0,0,2,0
320189,2,14,7,0,4,0
320218,2,14,3,0,4,0
320240,2,14,0,0,2,0
320270,3,12,0,0,4,0
320296,2,39,0,0,4,0
320296,3,39,0,0,2,0
320296,4,39,0,0,2,0
320296,5,39,0,0,2,0
320296,6,39,0,0,2,0
320296,7,39,0,0,2,0
340004,3,12,0,0,2,0
340005,2,14,1,0,4,0
340009,3,14,0,0,8,0
340009,4,14,0,0,8,0
340044,1,14,1,0,8,0
340070,2,14,0,0,6,0
340076,2,14,1,0,6,0
340090,2,1,0,0,8,0
340097,2,14,99,0,8,0
340115,2,45,96,0,8,0
340123,2,14,0,0,8,0
340123,3,14,0,0,8,0
340176,2,8,0,0,9,0
340177,2,14,1,0,8,0
340181,2,35,0,0,6,0
340181,3,35,0,0,6,0
340181,4,35,0,0,6,0
340181,5,35,0,0,6,0
340286,2,33,0,0,8,0
340307,2,14,96,0,8,0
340323,2,24,1,0,8,0
340332,2,14,4,0,6,0
340382,2,14,97,13,6,0
340382,3,14,0,0,6,0
340393,3,12,1,0,8,0
340394,1,14,0,0,8,0
340447,2,14,0,0,6,0
340455,2,14,1,0,8,0
340476,2,14,0,0,8,0
340516,2,33,0,0,2,0
340516,3,33,0,0,2,0
340516,4,33,0,0,2,0
340520,2,8,0,5,8,0
340531,2,8,0,0,8,0
360036,2,14,0,0,8,0
360073,1,14,1,0,8,0
360094,2,14,0,0,8,0
360094,3,14,22,3,8,0
360095,2,8,0,0,8,0
360109,1,14,4,0,8,0
360138,2,14,0,0,8,0
360175,2,33,0,0,8,0
360208,3,12,0,0,8,0
360208,4,12,0,0,8,0
360217,2,59,0,0,9,0
360270,3,12,0,0,8,0
360312,2,34,0,0,8,0
360313,2,14,0,0,8,0
360313,3,14,0,0,8,0
360313,4,14,0,0,8,0
360313,5,14,0,0,8,0
360313,6,14,0,0,8,0
360313,7,14,0,0,8,0
360313,8,14,0,0,8,0
360313,9,14,0,0,8,0
360313,10,14,0,0,8,0
360313,11,14,0,0,8,0
360316,2,14,0,0,8,0
360356,2,35,0,0,8,0
360389,2,14,0,0,8,0
360391,3,12,0,0,8,0
360395,2,19,0,1,8,0
360432,2,14,96,0,8,0
360454,2,40,0,0,8,0
360492,2,14,0,0,8,0
360507,3,12,0,0,8,0
360521,2,14,0,0,6,0
360521,3,14,0,0,8,0
360521,4,14,0,0,6,0
360528,2,14,0,0,8,0
360528,3,14,0,0,8,0
360528,4,14,0,0,8,0
360540,2,42,0,0,8,0
360540,3,42,0,0,8,0
360562,2,14,0,0,6,2
360649,3,12,0,0,8,0
360649,4,12,0,0,8,0
360839,2,8,0,0,8,0
360848,2,42,0,0,8,0
360883,3,12,0,0,8,0
360883,5,12,0,0,8,0
360890,3,12,0,0,8,0
360916,2,33,0,0,8,0
360931,4,12,0,0,8,0
360932,2,14,4,0,8,0
360943,2,42,0,0,8,0
360950,2,14,0,0,8,0
360950,3,14,0,0,8,0
360950,4,14,0,0,8,0
360950,5,14,0,0,8,0
360950,6,14,0,0,8,0
360969,2,14,1,0,8,0
360971,2,14,22,2,8,0
360971,3,14,0,0,8,0
360971,4,14,0,0,8,0
361038,2,14,0,0,8,1
361038,3,14,0,0,8,0
370027,4,12,0,0,6,0
370081,3,12,0,0,4,0
370139,2,1,1,0,4,0
370274,2,42,0,0,4,0
370441,2,43,0,0,6,0
370441,3,43,0,0,4,0
370441,4,43,0,0,4,0
370441,5,43,0,0,4,0
370441,6,43,0,0,4,0
370513,1,18,96,0,6,0
370513,3,18,0,0,6,0
370560,3,12,0,0,4,0
370692,2,34,0,0,6,0
370709,2,14,0,0,6,0
370709,4,14,0,0,6,0
370709,5,14,0,0,6,0
370709,6,14,0,0,6,0
370709,7,14,0,0,6,0
370717,2,9,0,0,4,0
370755,2,14,0,0,6,0
370833,4,12,0,0,4,0
370855,2,30,0,0,2,0
370879,3,12,0,0,2,0
370949,2,18,0,0,2,0
370958,2,53,0,0,2,0
370985,2,53,0,0,4,0
371044,2,25,0,0,6,0
371221,2,35,0,0,6,0
371262,2,14,0,0,6,0
371264,2,53,0,0,2,0
380022,2,14,3,0,4,0
380116,2,14,0,0,4,0
390002,2,30,0,0,2,0
390003,2,14,1,0,4,0
390003,3,14,0,0,6,0
390053,2,8,0,0,6,0
390056,2,53,96,0,6,0
390056,3,53,96,0,4,0
390077,2,8,0,0,6,1
390082,2,14,0,0,6,0
390082,3,14,0,0,4,0
390102,2,14,0,0,2,0
390102,3,14,0,0,4,0
390121,1,8,0,0,6,0
390124,3,12,0,0,4,0
390129,2,8,0,0,2,0
390132,2,8,1,0,2,0
390137,2,14,1,0,4,0
390137,3,14,0,0,4,0
390274,2,8,0,0,6,0
390291,2,14,1,0,2,0
390326,1,14,98,99,6,0
390345,2,8,0,0,2,0
390360,2,34,0,0,9,0
390366,2,14,0,0,6,0
390366,3,14,0,0,2,0
390370,3,12,99,0,2,0
390377,3,12,0,0,6,0
390401,2,14,0,0,6,0
390401,3,14,0,0,6,0
390401,4,14,0,0,4,0
390427,3,12,0,0,2,0
390473,1,14,97,0,4,1
390500,2,18,0,0,6,1
390539,2,14,1,0,9,0
390542,2,14,12,0,4,0
390550,2,14,0,0,6,0
390583,3,12,0,0,4,0
390619,2,14,0,0,6,1
390683,2,43,0,0,4,0
390776,2,30,0,0,6,0
390887,1,14,0,0,6,0
390897,2,33,1,0,4,0
390924,2,14,0,0,4,0
390932,3,12,0,0,2,0
390976,2,8,0,0,4,0
390976,3,8,0,0,6,0
390987,2,14,97,0,6,0
391031,1,14,0,0,6,0
391043,2,19,0,0,2,0
391043,3,19,0,0,2,0
391047,2,14,0,0,4,0
391049,2,14,0,0,6,0
391049,3,14,1,0,4,0
400008,2,45,0,0,2,0
400038,2,14,0,0,6,2
400060,2,8,2,0,6,0
400093,2,14,0,0,6,0
400121,2,33,0,0,2,0
400121,3,33,0,0,4,0
400135,2,45,97,0,2,0
400162,2,33,0,0,4,0
400168,2,14,0,0,6,0
400220,2,14,3,0,4,0
400238,1,14,1,0,4,0
400255,2,14,99,0,2,0
400311,2,11,0,0,6,0
400383,2,45,2,0,6,0
410075,2,14,1,0,9,0
410194,2,14,0,0,8,0
410232,2,14,3,0,4,0
410255,3,12,0,0,6,0
410255,4,12,0,0,9,0
410255,5,12,0,0,9,0
410255,6,12,0,0,9,0
410255,7,12,0,0,2,0
410266,3,12,0,0,9,0
410266,4,12,0,0,9,0
410355,3,12,1,0,9,0
420061,2,33,0,0,6,0
420061,3,33,0,0,4,0
420061,4,33,0,0,2,0
420143,2,14,1,0,4,0
420198,2,53,0,0,2,0
420222,2,14,1,0,6,0
420222,3,14,2,0,2,0
420252,3,12,0,0,2,0
420315,2,14,0,0,6,0
420317,2,14,0,0,6,0
420331,2,14,0,0,2,0
420331,3,14,0,0,4,0
420334,2,33,0,0,4,0
420334,3,33,0,0,2,0
420349,3,12,0,0,6,0
420349,4,12,0,0,6,0
420349,5,12,0,0,6,0
420355,2,14,0,0,2,0
420361,3,12,0,0,2,0
420361,4,12,0,0,6,0
420361,5,12,0,0,9,0
420369,2,9,0,0,9,0
420432,3,12,0,0,4,0
420438,3,12,0,0,2,0
420453,2,9,0,0,6,0
420453,3,9,0,0,6,0
420544,2,14,0,0,2,0
420622,2,33,0,0,2,0
420631,2,14,0,0,4,0
420679,2,8,0,0,4,0
420697,2,33,0,0,9,0
420704,1,14,0,0,6,0
420704,2,14,1,0,4,0
420704,3,14,0,0,6,0
420704,4,14,0,0,6,0
420713,4,12,0,0,2,0
420718,2,59,0,0,6,0
420741,3,12,0,0,2,0
420767,2,14,98,0,6,0
420767,3,14,98,0,6,0
420769,3,12,0,0,9,0
420769,4,12,0,0,2,0
420769,5,12,0,0,2,0
420780,2,30,0,0,6,0
420780,3,30,0,0,4,0
420796,2,8,1,0,2,0
420837,2,31,0,0,2,0
420895,3,12,0,0,2,0
420928,2,59,96,0,2,0
421037,3,12,96,0,2,0
421043,2,14,1,0,6,0
421046,2,25,1,0,2,0
421049,2,14,0,0,4,0
421053,2,14,0,0,2,0
421053,3,14,0,0,2,0
421053,4,14,0,0,2,0
421070,2,14,6,0,4,0
450054,2,14,0,0,0,0
450091,1,12,0,0,6,0
450123,1,8,0,0,4,0
450129,2,34,0,0,4,0
450147,2,1,0,0,6,0
450208,1,8,0,13,4,0
450272,1,14,1,0,6,0
450341,1,33,0,0,4,0
450341,2,33,0,0,4,0
450341,3,33,0,0,4,0
450341,4,33,0,0,4,0
450427,1,14,0,0,6,0
450447,3,12,0,0,0,0
450454,2,14,0,0,4,0
450536,2,14,0,0,0,0
450800,2,34,0,0,4,0
450800,3,34,0,0,4,0
450800,4,34,0,0,4,0
450880,1,34,0,0,6,0
450880,2,34,0,0,6,0
450880,3,34,0,0,6,0
460011,2,14,0,0,6,0
470040,2,14,3,0,4,0
470049,1,8,0,0,6,1
470195,3,12,0,0,2,0
470214,2,53,0,0,6,0
470265,3,12,0,0,4,0
470268,2,8,0,0,6,0
470268,3,8,0,0,6,0
470280,2,14,0,0,6,0
470296,2,14,0,0,2,0
470296,5,14,0,0,6,0
470320,2,14,0,0,6,0
470368,2,33,0,0,2,0
470495,2,34,0,0,4,0
470710,2,45,97,0,6,0
470753,2,14,0,0,6,0
470757,2,14,0,0,6,0
470828,2,8,0,0,2,0
480005,1,14,22,3,6,0
480084,2,14,4,0,6,0
480126,2,73,0,0,6,0
480142,2,14,1,0,4,0
480182,2,1,0,0,8,0
480182,3,1,0,0,8,0
480182,4,1,0,0,8,0
480191,2,8,0,0,4,0
480207,2,33,0,0,2,0
480271,2,14,0,0,6,1
480297,3,12,0,0,4,0
480354,2,14,0,0,2,0
480356,3,12,0,0,2,0
480356,4,12,0,0,2,0
480364,2,14,1,0,2,0
480375,2,45,96,0,2,0
480380,2,8,0,0,6,0
480445,3,12,0,0,2,0
480445,4,12,0,0,4,0
480445,5,12,0,0,0,0
480445,6,12,0,0,2,0
480445,7,12,0,0,2,0
480456,2,14,0,0,6,0
480459,2,14,0,0,6,0
480469,2,14,4,0,2,0
480524,2,14,0,0,2,0
480602,3,12,0,0,0,0
480612,4,12,0,0,2,0
480751,6,12,0,0,6,0
480751,7,12,0,0,6,0
480751,8,12,0,0,6,0
480751,9,12,0,0,6,0
480761,2,14,0,0,6,0
480772,2,8,0,0,6,0
480772,3,8,0,0,6,0
480813,2,45,3,0,6,0
480827,3,12,0,0,4,0
480831,3,12,0,0,2,0
480831,4,12,0,0,2,0
480984,2,14,0,0,6,1
481012,2,14,0,0,6,0
481021,2,45,4,0,6,0
481080,2,14,0,0,2,0
481184,6,12,0,0,6,0
481275,2,14,1,0,6,0
481289,3,12,0,0,4,0
481319,2,14,0,0,6,0
481319,3,14,97,0,2,0
481410,2,53,0,0,2,0
481458,2,42,0,0,2,0
481458,3,42,0,0,2,0
481482,2,14,1,0,6,0
481486,2,14,0,0,2,0
481506,2,14,2,0,2,0
481538,2,9,0,0,2,0
481538,3,9,0,0,2,0
481589,2,14,0,0,6,0
481603,2,1,0,0,2,0
481607,3,14,3,0,6,0
481611,2,14,3,0,6,0
481622,2,14,0,0,4,0
481682,1,14,0,0,6,0
481698,2,30,0,0,4,0
481698,3,30,0,0,2,0
481713,3,12,0,5,2,0
481743,2,14,0,0,6,0
481913,2,14,1,0,2,0
482038,2,14,2,0,6,0
482038,3,14,2,0,2,0
482094,3,12,0,0,2,0
482113,2,25,97,0,2,0
482126,2,14,0,0,6,1
482152,2,14,0,0,2,0
482176,2,14,0,0,6,0
482185,1,14,0,0,6,0
482263,5,12,0,0,6,0
482263,6,12,0,0,2,0
482276,2,14,0,0,6,0
482329,2,14,0,0,6,0
482330,2,14,0,0,6,2
482335,2,33,0,0,2,0
482405,2,14,0,0,2,0
482408,2,42,0,0,8,0
482462,2,14,97,0,4,0
482479,2,14,3,0,6,0
482515,2,14,0,0,6,0
482524,2,14,96,0,2,0
482550,2,51,0,0,6,0
482577,3,12,0,0,2,0
482596,2,14,1,0,6,0
482610,2,33,1,0,6,0
482621,2,14,1,0,6,0
482639,2,14,0,0,6,0
482649,2,14,98,0,2,0
482657,2,8,0,0,6,0
482725,2,14,0,0,4,0
482777,2,14,0,0,6,0
482935,2,14,0,0,6,0
482943,2,14,1,0,2,0
482997,2,14,11,0,2,0
483000,2,8,0,0,2,0
483018,2,14,1,0,6,0
483026,2,14,0,0,4,0
483026,3,14,0,0,2,0
483029,2,14,97,0,4,0
483072,2,9,0,0,2,0
483169,2,14,0,0,2,0
483172,2,8,0,0,2,0
490022,2,14,0,0,6,0
490022,3,14,0,0,2,0
490079,2,14,0,0,6,0
490110,2,14,0,0,6,0
490121,2,59,0,0,6,0
490127,2,14,3,0,4,0
490147,3,12,0,0,6,0
490208,2,8,0,0,2,0
500027,2,14,97,0,6,0
500046,2,14,0,0,8,0
510021,2,14,3,0,6,0
510100,2,34,97,0,8,0
510109,2,8,0,0,6,0
510124,3,12,0,0,8,0
510124,4,12,0,0,8,0
510146,3,12,0,0,8,0
510172,2,59,0,0,6,1
510172,3,59,0,0,9,0
510232,2,18,0,0,8,0
510264,2,14,0,0,6,0
510287,4,12,0,0,8,0
510294,2,45,97,99,8,0
510369,2,14,0,0,8,0
510384,2,14,0,0,6,0
510416,3,12,0,0,6,0
510455,2,14,0,0,6,0
510455,3,14,0,0,6,0
510492,3,12,0,0,8,0
510573,3,12,0,0,6,0
510606,2,14,0,0,6,0
510606,3,14,0,0,8,0
510606,4,14,0,0,8,0
510699,2,14,0,0,6,0
510699,3,14,0,0,6,0
510701,2,33,0,0,8,0
510703,4,12,0,0,8,0
530018,2,14,0,0,8,0
530021,2,14,0,0,8,0
530081,3,1,0,0,8,0
530087,2,14,4,0,8,0
530143,3,12,0,0,8,0
530143,4,12,0,0,8,0
530192,2,8,0,0,6,0
530200,2,33,0,0,8,0
530200,3,33,0,0,8,0
530200,4,33,0,0,8,0
530200,5,33,0,0,8,0
530255,2,8,0,0,8,0
530255,3,8,0,0,8,0
530255,4,8,0,0,8,0
530271,2,14,0,0,8,0
530283,2,14,0,0,6,1
530366,2,30,0,0,8,0
530375,3,12,0,0,8,0
530461,2,14,98,0,8,0
530461,3,14,0,0,8,0
530461,4,14,0,0,8,0
530473,2,14,0,0,8,0
530500,2,14,0,0,6,0
540025,2,14,0,0,6,0
540033,2,8,0,0,6,0
540135,6,12,0,0,6,0
540148,5,12,96,0,4,0
540161,2,42,0,0,6,0
540164,3,12,0,0,2,0
540165,2,34,0,0,2,0
540165,3,34,0,0,2,0
540165,4,34,0,0,4,0
550090,3,12,0,0,4,0
550231,2,33,0,0,2,0
550231,3,33,0,0,2,0
550231,4,33,0,0,2,0
550276,2,14,0,0,0,0
550380,2,14,0,0,6,1
550452,2,33,0,0,6,0
550464,1,14,97,0,0,0
550529,2,12,0,0,6,1
550529,3,12,0,0,6,0
560028,2,14,1,0,6,0
560028,3,14,96,0,6,0
560031,8,12,1,0,6,0
560103,2,14,0,0,6,0
560103,3,14,0,0,6,0
560103,4,14,0,0,6,0
